Python Developer,Applicantz,India (Remote),"About the job

THIS IS A LONG TERM CONTRACT POSITION WITH ONE OF THE LARGEST, GLOBAL, TECHNOLOGY LEADER. Candidate must be present in the Bangalore office for Hybrid work




We are looking for a skilled Python Developer to join our engineering team. The ideal candidate will have strong backend development experience and the ability to build scalable APIs and services using modern frameworks.




Required Skills

Proficiency in Python and frameworks like Django, Flask, or FastAPI
Strong knowledge of SQL and databases (MySQL, PostgreSQL)
Experience with REST API development and third-party integrations
Basic knowledge of Docker and Git
Good analytical thinking and communication skills
Exposure to cloud platforms (AWS, Azure)
Experience with unit testing and CI/CD pipelines




Key Responsibilities

Develop, test, and maintain Python applications and APIs.
Participate in technical discussions and code reviews
Collaborate with product and engineering teams for solution delivery
Write clean, scalable, and well-documented code
Troubleshoot development and production issues
Follow agile practices and contribute to process improvements




Our large, Fortune client is ranked as one of the best companies to work with, in the world. The client fosters progressive culture, creativity, and a Flexible work environment. They use cutting-edge technologies to keep themselves ahead of the curve. Diversity in all aspects is respected. Integrity, experience, honesty, people, humanity, and passion for excellence are some other adjectives that define this global technology leader."
--------------------,--------------------,--------------------,--------------------
Python Developer-Remote/Contract,Applicantz,India (Remote),"About the job

Key Responsibilities:

Design, implement, and maintain automation scripts and frameworks using Python.
Develop and manage infrastructure-as-code (IaC) solutions with Terraform for provisioning, scaling, and managing cloud and on-premise resources.
Collaborate with cross-functional teams to identify opportunities for automation in CI/CD pipelines, infrastructure operations, and configuration management.
Build reusable Python modules and libraries to standardize and optimize automation processes.
Ensure infrastructure code follows best practices for version control, testing, and documentation.
Integrate monitoring, logging, and alerting into automated workflows to improve observability and reliability.
Troubleshoot automation workflows and infrastructure provisioning issues.
Support security and compliance requirements through policy-as-code and automation.

Qualifications:

Strong proficiency in Python for scripting and automation.
Hands-on experience with Terraform (modules, workspaces, state management, providers).
Knowledge of cloud platforms (AWS, Azure, GCP) and their IaC integrations.
Familiarity with CI/CD pipelines (Jenkins, GitHub Actions, GitLab CI, etc.).
Experience with containerization and orchestration (Docker, Kubernetes) is a plus.
Understanding of networking, security, and system administration fundamentals.
Version control experience with Git/GitHub/GitLab.
Strong problem-solving, debugging, and analytical skills.

Preferred Skills (Nice to Have):

Experience with Ansible, SaltStack, or other configuration management tools.
Knowledge of Vault, Consul, or other HashiCorp tools.
Familiarity with serverless automation frameworks.
Cloud certifications (AWS, Azure, GCP) are a plus"
--------------------,--------------------,--------------------,--------------------
Python Developer,Applicantz,India (Remote),"About the job

Intelligence Node¬Æ is a real-time retail intelligence platform that empowers businesses to drive product-level profitability and grow margins using data-driven real-time competitive insights. Intelligence Node's cutting-edge technology leverages AI to aggregate and analyze billions of data points across 1,900 retail categories in 34 global markets. Intelligence Node‚Äôs business model provides a comprehensive suite of solutions encompassing product matching, digital shelf analytics, assortment & availability, pricing & promotions, and brand compliance, to aid retailers and brands in all strategic and operational decision-making. Its patented product matching engine and proprietary AI offer 99% data accuracy and 10-second data refresh rates. In December 2024, Intelligence Node was acquired by Interpublic Group (IPG), a global leader in marketing solutions. Joining forces with IPG through this strategic acquisition allows Intelligence Node to deliver a future-ready combined solution to companies navigating the complexities of today's commerce landscape. Together, we can provide the comprehensive data, advanced analytics, and strategic expertise that enterprise brands and retailers need to win market share and drive sustainable growth.




Position Overview:

We are seeking a highly skilled and motivated Python Developer to join our talented engineering team. In this role, you will be responsible for designing, building, and maintaining efficient, reliable, and reusable Python code while working in a fast-paced, innovative environment. You will help optimize performance and quality, identify and resolve bottlenecks and bugs, and contribute to the development of next-gen retail intelligence solutions.




Key Responsibilities:

Design, develop, and maintain high-quality Python code.
Create scripts for data quality, reporting and analysis Identify bottlenecks and bugs, and devise effective solutions.
Create python based tools for automation
Contribute to maintaining code quality, organization, and automation.
Recommend new frameworks, libraries, and algorithms to enhance the tooling capabilities




Required Qualifications & Skills:

Educational Background: Bachelor's Degree in Computer Science, Mathematics, or related field from a top-tier institutions.




Core Skills:

Strong foundation in computer science principles, including algorithms, data structures, and operating systems.
Proficiency in Python programming and solid coding practices.
Experience with unit testing, code reviews, and documentation.
Ability to learn complex systems and new technologies quickly.




Technical Skills:

Experience with NoSQL databases (e.g., MongoDB).
Testing and debugging software applications with Python test framework tools.




Desired Traits:

Excellent analytical and problem-solving skills.
A strong sense of ownership, urgency, and drive.
Strong written and oral communication skills.
Familiarity with agile methodologies and team-based development.
Ability to thrive in a fast-paced, dynamic start-up environment.




Experience:

5 to 8 years of experience in Python development, preferably in high-performance and scalable systems.




Location:

Mumbai, India




Interested candidates please share your updated profile on a.vernekar@intelligencenode.com."
--------------------,--------------------,--------------------,--------------------
Back End Developer,Applicantz,India (Remote),"About the job

Job Title: Backend Developer




Summary:




We are looking for a talented and experienced backend developer to join our team. The ideal candidate will have a strong understanding of Python and related technologies, as well as experience with web frameworks such as Flask or Django. They will also have a working knowledge of both SQL and NoSQL databases.




Responsibilities:




¬∑ Design, develop, and maintain backend systems using Python

¬∑ Work with front end developers and other developers to build and deploy scalable and reliable web applications

¬∑ Troubleshoot and debug applications

In-depth understanding of the Python software development stacks, ecosystems, frameworks and tools such as Numpy, Scipy, Pandas, Dask, spaCy, NLTK, sci-kit-learn and PyTorch and able to conceive and write basic level of algorithms

¬∑ Implement security and data protection measures

¬∑ Optimize application performance and scalability

¬∑ Stay up-to-date on the latest Python technologies and trends




Qualifications:




¬∑ Bachelor's degree in Computer Science or a related field

¬∑ 2+ years of experience in backend development using Python

¬∑ Experience with web frameworks such as Flask or Django

¬∑ Working knowledge of both SQL and NoSQL databases

¬∑ Experience with cloud platforms such as AWS or Azure

¬∑ Strong problem-solving and analytical skills

¬∑ Excellent communication and collaboration skills




Bonus Points:




Experience with machine learning or artificial intelligence, Experience with DevOps practices, and Experience with open source software."
--------------------,--------------------,--------------------,--------------------
Frappe Developer,Applicantz,India (Remote),"About the job

Role Overview

We are looking for a motivated and skilled Frappe Developer with 1-3 years of experience to join our technology team. This is a foundational role where you will take ownership of our Frappe/ERPNext instance, which is critical for our IPD operations. The ideal candidate will be responsible for customizing, managing, and integrating our Frappe platform, particularly with our existing OPD system. You will play a key part in shaping a robust and efficient digital infrastructure that directly supports our clinical and administrative teams.

Key Responsibilities

Customization & Development: Design, develop, and manage custom Frappe applications, including creating and modifying DocTypes, custom fields, and forms to meet the specific needs of our IPD services.
API & System Integration: Lead the integration of our Frappe/ERPNext platform with our current OPD system. Develop, test, and maintain robust REST APIs to ensure seamless data flow and a unified patient record system.
System Management: Manage and maintain the health of our Frappe/ERPNext instance, including updates, backups, and performance tuning.
UI/UX Enhancements: Customize the user interface using HTML, CSS, and JavaScript to improve usability and create a more intuitive experience for our clinical and administrative staff.
Scripting & Automation: Write custom server-side and client-side scripts (Python, JavaScript) to automate workflows, implement custom business logic, and enforce validation rules.
Financial Module Support: Assist with the configuration and management of the finance module within ERPNext, ensuring accurate financial reporting and processes related to patient billing.
Collaboration & Documentation: Work closely with our clinical teams to understand their requirements and translate them into technical solutions. Maintain clear and comprehensive documentation for all customizations and integrations.

Requirements & Skills

1-3 years of hands-on experience with the Frappe Framework and ERPNext.
Proficient in Python and JavaScript.
Solid experience in creating custom DocTypes, reports, and print formats in Frappe.
Demonstrable experience with REST API development and third-party system integrations.
Familiarity with front-end technologies (HTML5, CSS3, Jinja templates) for UI customization.
Understanding of the Frappe database schema and ORM.
Basic knowledge of ERPNext's finance module is a significant plus.
Experience with version control systems, particularly Git.
Strong problem-solving skills and the ability to work independently.
Excellent communication skills and a collaborative mindset.
Experience in the healthcare technology sector is a bonus but not required.

Location: Remote"
--------------------,--------------------,--------------------,--------------------
"Python Developer (Geospatial, GeoPandas, Rasterio, GDAL, AWS, S3 | Freelancing | 100% WFH",Applicantz,India (Remote),"About the job

Company Description




Travitons Technologies Private Limited excels in Software Development, Outsourcing, and Engineering. We are dedicated to delivering innovative, high-quality, efficient, and customized software solutions tailored to diverse business needs.




Role Description




Position: Python Developer (Full-time, Remote)




Experience Required: 3+ years




As a Python Developer at Travitons, you will be responsible for building and maintaining geospatial applications. In addition to using geospatial libraries, you'll also design and consume Python-based APIs and web services using both FastAPI and Flask frameworks. Your daily responsibilities will include:




Developing geospatial solutions using Python, GeoPandas, Rasterio, GDAL, and other geospatial libraries.

Designing and building scalable, clean, and performant APIs using FastAPI‚Äîleveraging its support for automatic OpenAPI documentation, Pydantic data validation, and asynchronous operations

.

Implementing RESTful services using Flask, including writing lightweight microservices and integrating common Flask extensions

.

Structuring backend services and microservices for efficient geospatial data access, deployment, and integration.

Managing geospatial data storage and access using AWS (especially S3), and potentially extending to other AWS services.

Collaborating with cross-functional teams through coding, testing, reviewing, and deploying geospatial applications and APIs.

Maintaining version control and CI/CD workflows using Git, and optionally leveraging tools like Docker and Kubernetes to enable robust deployments.

QualificationsTechnical Skills




Python Development: Minimum 3 years of experience in Python programming.

Geospatial Tools: Proficient in geospatial libraries such as GeoPandas, Rasterio, and GDAL.

API Frameworks:

FastAPI: Experience with building APIs using FastAPI, including Pydantic modeling, OpenAPI docs, and async support

.

Flask: Experience building microservices or backend APIs using Flask and its ecosystem

.

Cloud & Infrastructure: Familiarity with AWS services‚Äîespecially S3‚Äîand knowledge of containerization (Docker, Kubernetes) and CI/CD workflows

.

Version Control: Strong proficiency with Git and collaboration workflows.

Soft Skills




Excellent analytical and problem-solving abilities.

Strong communication and collaboration skills for remote work.

Self-motivated and independent in driving tasks remotely.

Education (Preferred)




Bachelor‚Äôs degree in Computer Science, Engineering, or a related field."
--------------------,--------------------,--------------------,--------------------
Python Developer,Applicantz,India (Remote),"About the job

Designation: Python Developer

Experienced in AI/ML

Location: Turbhe, Navi Mumbai

CTC: 6-14 LPA

Years of Experience: 2-5 years




At Arcitech.ai, we‚Äôre redefining the future with AI-powered software solutions across education, recruitment, marketplaces, and beyond. We‚Äôre looking for a Python Developer passionate about AI/ML, who‚Äôs ready to work on scalable, cloud-native platforms and help build the next generation of intelligent, LLM-driven products.




üíº Your Responsibilities

AI/ML Engineering

Develop, train, and optimize ML models using PyTorch/TensorFlow/Keras.
Build end-to-end LLM and RAG (Retrieval-Augmented Generation) pipelines using LangChain.
Collaborate with data scientists to convert prototypes into production-grade AI applications.
Integrate NLP, Computer Vision, and Recommendation Systems into scalable products.
Work with transformer-based architectures (BERT, GPT, LLaMA, etc.) for real-world AI use cases.

Backend & Systems Development

Design, develop, and maintain robust Python microservices with REST/GraphQL APIs.
Implement real-time communication with Django Channels/WebSockets.
Containerize AI services with Docker and deploy on Kubernetes (EKS/GKE/AKS).
Configure and manage AWS (EC2, S3, RDS, SageMaker, CloudWatch) for AI/ML workloads.

Reliability & Automation

Develop background task queues with Celery, ensuring smart retries and monitoring.
Implement CI/CD pipelines for automated model training, testing, and deployment.
Write automated unit & integration tests (pytest/unittest) with ‚â•80% coverage.

Collaboration

Contribute to MLOps best practices and mentor peers in LangChain/AI integration.
Participate in tech talks, code reviews, and AI learning sessions within the team.




üéì Required Qualifications

Bachelor‚Äôs or Master‚Äôs degree in Computer Science, AI/ML, or related field.
2‚Äì5 years of experience in Python development with strong AI/ML exposure.
Hands-on experience with LangChain for building LLM-powered workflows and RAG systems.
Deep learning experience with PyTorch or TensorFlow.
Experience deploying ML models and LLM apps into production systems.
Familiarity with REST/GraphQL APIs and cloud platforms (AWS/Azure/GCP).
Skilled in Git workflows, automated testing, and CI/CD practices.




üåü Nice to Have

Experience with vector databases (Pinecone, Weaviate, FAISS, Milvus) for retrieval pipelines.
Knowledge of LLM fine-tuning, prompt engineering, and evaluation frameworks.
Familiarity with Airflow/Prefect/Dagster for data and model pipelines.
Background in statistics, optimization, or applied mathematics.
Contributions to AI/ML or LangChain open-source projects.
Experience with model monitoring and drift detection in production.




üéÅ Why Join Us

Competitive compensation and benefits üí∞
Work on cutting-edge LLM and AI/ML applications ü§ñ
A collaborative, innovation-driven work culture üìö
Opportunities to grow into AI/ML leadership roles üöÄ"
--------------------,--------------------,--------------------,--------------------
Software Developer (Python/Golang),Applicantz,India (Remote),"About the job

We‚Äôre a venture-backed startup building cloud-native applications with advanced AI integration, and we‚Äôre looking for a Software Developer who‚Äôs eager to grow fast, work closely with experienced engineers, and make an impact from day one.

You‚Äôll be working directly alongside a senior backend engineers and the founding team to build scalable infrastructure, AI-integrated features, and modern developer tools. This is a great opportunity for someone with a solid foundation in backend development who wants to level up quickly in a dynamic, high-ownership environment.




Minimum Qualifications

Bachelor‚Äôs degree in computer science or equivalent practical experience.
2+ years of professional software development experience.
Solid programming skills in Python, Go, or similar languages.
Understanding of data structures, algorithms, and RESTful APIs.
Experience working on backend systems or cloud applications (personal or professional projects).
Comfortable working independently and asking questions when blocked.

Preferred Qualifications

Familiarity with cloud infrastructure (AWS, VMWare, or OpenStack).
Exposure to machine learning workflows or interest in AI technologies.
Experience with containers (Docker) or orchestration (Kubernetes).
Git/GitHub and CI/CD workflows.
Eagerness to learn and grow in a fast-paced environment.




What You‚Äôll Do

Work with senior engineers to build and maintain backend services.
Write clean, well-documented, and testable code.
Contribute to technical discussions and help shape system design.
Debug and resolve issues across the stack.
Collaborate across engineering, product, and design teams.
Learn fast and take increasing ownership as you grow.

Why Join Us?

Be part of a core early team shaping the next generation of cloud & AI platforms.
Work side-by-side with experienced engineers and founders.
Accelerate your learning curve with real-world challenges and mentorship.
Competitive salary, and flexible work environment."
--------------------,--------------------,--------------------,--------------------
"Full Stack Developer (Django, MongoDB, Python)/ Immediate Joiner/ Mumbai (WFO)",Applicantz,India (Remote),"About the job

Job Title: Full Stack Developer (Django, MongoDB, Python)




Location: Mumbai ‚Äì Ghatkopar (West)




Company: AQM Technologies Pvt. Ltd.




CTC: 7 LPA




Experience: 3 to 5 Years




Joining: Immediate




About AQM Technologies

AQM Technologies is a leading provider of technology solutions specializing in software development, testing, and quality management. We are dedicated to delivering innovative and efficient solutions for clients across industries.




Job Description

We are seeking a Full Stack Developer with strong expertise in Django, MongoDB, and Python to join our dynamic development team. The ideal candidate will be responsible for building scalable, secure, and high-performance applications from concept to deployment.




Key Responsibilities:

Design, develop, and maintain web applications using Django and Python.
Develop front-end components with modern frameworks/libraries (React.js/Angular/Vue.js preferred).
Integrate back-end services with MongoDB and RESTful APIs.
Write clean, efficient, and reusable code following coding standards.
Ensure application responsiveness, scalability, and performance.
Work closely with UI/UX designers, product managers, and QA teams.
Troubleshoot, debug, and upgrade existing applications.
Implement security best practices and data protection measures.




Required Skills & Qualifications:

Bachelor‚Äôs degree in Computer Science, Information Technology, or related field.
3‚Äì5 years of hands-on development experience in Django and Python.
Strong proficiency in MongoDB database design and query optimization.
Experience with HTML5, CSS3, JavaScript, and a modern front-end framework.
Familiarity with Git version control.
Understanding of RESTful API design and integration.
Strong problem-solving skills and attention to detail.




Good to Have:

Experience in cloud platforms (AWS, Azure, GCP).
Knowledge of Docker and containerized deployments.
Familiarity with Agile/Scrum methodologies.




üìß Send Resume: Elizabeth.Vakipillai@aqmtechnologies.com

 üìû Contact: +91 7738130450"
--------------------,--------------------,--------------------,--------------------
Sr Python Developer (TECH LEAD),Applicantz,India (Remote),"About the job

Company Description

QWEQ Technologies is not just a software company but strives to become a technology partner for its clients. We builds software for businesses that require industrial automation, smart inventory management and other IT solutions to stay ahead in market. At WEQ, we are aware that creating client-oriented solution takes a mixture of technical excellence and clear communication. We know that every client is unique, and we strive to deliver an individual, innovative and cost effective solution every time. We provide Technological Partnership & Support, Software Product Development, Website Development, Digital Marketing.

Job Description

Senior Python Developer (Tech Lead)

Location: Andheri (Marol), Mumbai ‚Äì Only Mumbai-based candidates will be considered

Immediate Joiner Preferred

About Us

At WEQ Technologies, we design and deliver cutting-edge digital solutions that transform businesses. We are looking for a highly skilled Senior Python Developer (Tech Lead) with strong expertise in Python and Java to lead our backend team, drive innovation, and ensure delivery of robust and scalable applications.

What You‚Äôll Do


Lead a team of developers, provide technical direction, and ensure best coding practices & architecture standards. 
Drive end-to-end development of applications using Python (primary) and Java (secondary). 
Architect, design, and implement scalable, secure, and high-performance backend systems. 
Collaborate with cross-functional teams (Frontend, Mobile, DevOps, QA) for smooth project delivery. 
Conduct code reviews, mentor juniors, and resolve technical blockers. 
Ensure timely delivery of modules, projects, and integrations. 
Stay updated with emerging technologies, propose improvements, and adopt industry best practices. 


What We‚Äôre Looking For

‚úÖ 3‚Äì6 years of professional experience in software development.

‚úÖ Strong expertise in Python frameworks (Django, Flask, FastAPI).

‚úÖ Solid experience in Java (Spring Boot preferred) for backend services.

‚úÖ Hands-on knowledge of REST APIs, Microservices, Databases (SQL/NoSQL), and Cloud platforms (AWS/Azure/GCP).

‚úÖ Proficiency in Git, CI/CD pipelines, and containerization (Docker/Kubernetes).

‚úÖ Strong leadership skills ‚Äì ability to manage a small team, delegate tasks, and guide junior developers.

‚úÖ Excellent problem-solving, debugging, and performance optimization skills.

Good to Have

‚ú® Exposure to front-end technologies (React/Angular) for better collaboration.

‚ú® Knowledge of DevOps practices.

‚ú® Experience in working on enterprise-grade applications.

Why Join WEQ Technologies?

Lead and grow a talented development team.

Opportunity to work with diverse technologies (Python + Java).

Collaborative environment with ownership & learning opportunities.

Convenient location ‚Äì Andheri (Marol), Mumbai.

Competitive salary & growth-oriented career path.

Important Note:


Only Mumbai-based candidates will be considered. 
Immediate joiners will be given preference. 


‚ö° Step into a leadership role where your Python & Java expertise can shape projects and mentor a strong team. Join WEQ Technologies as a Senior Python Developer (Tech Lead)!

Intersted Candidate Can Send their Resume at 9152019990

Additional Information"
--------------------,--------------------,--------------------,--------------------
Senior Software Engineer,Applicantz,India (Remote),"About the job

Sia is a next-generation, global management consulting group. Founded in 1999, we were born digital. Today our strategy and management capabilities are augmented by data science, enhanced by creativity and driven by responsibility. We‚Äôre optimists for change and we help clients initiate, navigate and benefit from transformation. We believe optimism is a force multiplier, helping clients to mitigate downside and maximize opportunity. With expertise across a broad range of sectors and services, our consultants serve clients worldwide. Our expertise delivers results. Our optimism transforms outcomes. 



Heka.ai is the independent brand of Sia Partners dedicated to AI solutions. We host many AI-powered SaaS solutions that can be combined with consulting services or used independently, to provide our customers with solutions at scale. 





Job Description



We are looking for a skilled Senior Software Engineer to contribute to the development of AI and machine learning (ML) integrations and back-end solutions using Python. You will play a key role in developing our AI-powered SaaS solutions Heka.ai, collaborating with cross-functional teams to solve data-centric problems. This position emphasizes Python back-end development, with additional involvement in AI and ML model integration and optimization. 



Key Responsibilities 



Back-End Development: Design, develop, and optimize back-end services using Python, focusing on microservices and data-centric applications. 



AI & ML Models: Work closely with data scientists to integrate AI and ML models into back-end systems and ensure seamless performance of the applications. 



Containerization & Orchestration: Deploy and manage containerized applications using Docker and Kubernetes. 



Database Management: Manage SQL (PostgreSQL) and NoSQL (MongoDB) databases, ensuring high performance and scalability. 



Infrastructure as Code (IaC): Use Terraform and Helm to manage cloud infrastructure. 



Cloud Infrastructure & CI: Work with GCP / AWS / Azure for deploying and managing applications in the cloud. Management of continuous software integration (tests writing, artifacts building, etc.) 



Cross-Functional Collaboration: Collaborate with DevOps, Data Scientists, and Data Engineers to build scalable AI solutions. 



Contribution to the back end, front-end and software architecture of applications 





Qualifications



Education: Bachelor‚Äôs/master's degree in computer science, Software Engineering, or a related field. 



Experience: 3-6 years of experience in software development, with a focus on Python back-end development. 



Skills: 
Strong proficiency in Python and experience with frameworks like Flask. 
Experience with C#, as well as with ReactJs for front-end development is a plus. 
Extensive experience with cloud platforms (GCP, AWS) and microservices architecture. 
Working knowledge of Docker, Kubernetes, CI/CD pipelines (GitLab) and ability to write unit tests. 
Database management with PostgreSQL / MongoDB. 
Experience mentoring and leading engineering teams. 


Additional Information



What We Offer 



Opportunity to lead cutting-edge AI projects in a global consulting environment. 



Leadership development programs and training sessions at our global centers. 



A dynamic and collaborative team environment with diverse projects. 



Position based in Mumbai (onsite)



Sia is an equal opportunity employer. All aspects of employment, including hiring, promotion, remuneration, or discipline, are based solely on performance, competence, conduct, or business needs."
--------------------,--------------------,--------------------,--------------------
Junior Web Developer,Applicantz,India (Remote),"About the job

Role Description

The Python Developer will be responsible for building and maintaining back-end web applications, designing software, and ensuring the performance and responsiveness of applications. Daily tasks will include writing clean, efficient code, troubleshooting and debugging, and collaborating with the team to meet project goals.




Qualifications

\n
Proficiency in Back-End Web Development and Programming
Experience in Software Development and Object-Oriented Programming (OOP)
Knowledge of Databases and data structures
Excellent problem-solving skills and attention to detail
Strong communication skills and ability to work independently
Previous experience with cloud-native applications is a plus
Bachelor's degree in Computer Science, Engineering, or related field"
--------------------,--------------------,--------------------,--------------------
Back End Developer,Applicantz,India (Remote),"About the job

About Precize:

Precize is a Gateway to Private Equity Markets and Private Credit Opportunities, where investors of all levels can invest in the opportunities online securely. We are teleporting investors to the front row to access some of the most lucrative opportunities.

Our dynamic, non-hierarchical startup culture and convenient location in Andheri East, just a 2-minute walk from the Western Express Highway Metro, make Precize an ideal workplace for ambitious professionals looking to make a significant impact.




Role Summary:

We are looking for a skilled Backend Developer to join our dynamic team. As a backend developer, you will be responsible for building and maintaining scalable, high-performance server-side applications. You will work closely with frontend developers, product managers to develop robust APIs, optimize database performance, and ensure seamless integrations.




Responsibilities:




Develop, test, and maintain backend services, APIs, and databases.
Design and implement scalable, secure, and high-performance applications.
Optimize application performance and troubleshoot issues.
Work with frontend developers to integrate user-facing elements with server-side logic.
Implement authentication, authorization, and security best practices.
Write clean, maintainable, and well-documented code.
Conduct code reviews and provide technical mentorship.




Qualifications:




3-5 years of strong experience as a backend developer, proficient in backend programming languages such as Node.js
Proficiency in frameworks like Fastify, Express.js, Django, Spring.
Experience with relational and non-relational databases (MySQL, PostgreSQL, MongoDB, etc.).
Knowledge of API design principles, RESTful services, and GraphQL.
Familiarity with authentication mechanisms (OAuth, JWT, etc.).
Understanding of cloud platforms (AWS, Azure, Google Cloud) and containerization (Docker, Kubernetes).
Experience with message queues like RabbitMQ, Kafka (preferred).
Strong problem-solving skills and debugging capabilities.
Knowledge of Monolithic, microservices and distributed systems.
Experience with CI/CD pipelines and version control systems like Git and Github."
--------------------,--------------------,--------------------,--------------------
"Software Engineer I (Data Engineer, Python)",Applicantz,India (Remote),"About the job

Precisely is the leader in data integrity. We empower businesses to make more confident decisions based on trusted data through a unique combination of software, data enrichment products and strategic services. What does this mean to you? For starters, it means joining a company focused on delivering outstanding innovation and support that helps customers increase revenue, lower costs and reduce risk. In fact, Precisely powers better decisions for more than 12,000 global organizations, including 93 of the Fortune 100. Precisely's 2500 employees are unified by four company core values that are central to who we are and how we operate: Openness, Determination, Individuality, and Collaboration. We are committed to career development for our employees and offer opportunities for growth, learning and building community. With a ""work from anywhere"" culture, we celebrate diversity in a distributed environment with a presence in 30 countries as well as 20 offices in over 5 continents. Learn more about why it's an exciting time to join Precisely!

Overview

As a Software Engineer I, you will be part of the team responsible for the design, creation, and maintenance of Data Products using Big data, cloud and Data Science technologies. You will work closely with Software/Data engineers, data scientists, product owners and product managers to develop and deploy data-driven solutions that deliver business value. You will contribute to the best practices, standards, and technical roadmap.

What You Will Do


You will be involved in design and development of Data Engineering.
Responsible for coding, unit testing, integration testing and participating in the full SDLC.
Participate in discussions, constructively suggest, and receive ideas & feedback for solutions.
Write clear, compelling, and detailed (technical) user epics and stories with user acceptance criteria. Participate in story grooming exercises for crisp and unambiguous documentation and communication of features to be developed.
Collaborate with other team members, also work with cross-functional teams according to requirements. Peer review of code practice needs to be followed.
Evaluate, learn, and incorporate new technologies into new and existing frameworks and solutions as applicable.
Be agile and embrace change.


What We Are Looking For


3+ years of industry experience in the areas of Data/Software engineering 
Bachelor‚Äôs or Master‚Äôs degree in Computer Science, Engineering or related discipline.
Excellent Knowledge of Python
Experience in Cloud technologies like AWS, azure etc.
Experience of databricks , snowflake , Google cloud would be an added advantage
Excellent knowledge of database concepts and complex query writing
Excellent knowledge in Query Optimization for better performance 
Working knowledge of data ETL will be preferred.
Exposure to Geo-spatial domain and how geospatial data is stored in database is preferred
Ability to communicate with various stakeholders at all levels of the organization.
Excellent verbal and written communication skills
Excellent interpersonal skills and active listener
Able to set and meet time-sensitive goals 
Able to handle multiple tasks simultaneously and adapt to change while providing structure to operations and go-to-market teams


The personal data that you provide as a part of this job application will be handled in accordance with relevant laws. For more information about how Precisely handles the personal data of job applicants, please see the Precisely Global Applicant and Candidate Privacy Notice."
--------------------,--------------------,--------------------,--------------------
Python Developer,Applicantz,India (Remote),"About the job

About Bounteous x Accolite

Bounteous, a digital innovation partner of the world's most ambitious brands and Accolite Digital, a leading digital engineering, cloud, data & AI services provider, have announced their merger, creating a new end-to-end digital transformation services consultancy that partners with leading brands around the globe to co-innovate and drive exceptional client outcomes.

It was Founded in 2003 in Chicago, Bounteous is a leading digital experience consultancy that co-innovates with the world's most ambitious brands to create transformative digital experiences. With services in Strategy, Experience Design, Technology, Analytics and Insight, and Marketing, Bounteous elevates brand experiences and drives superior client outcomes. For more information, please visit www.bounteous.com.




Job Description:

Looking for 5+ years of experience and the location is Bangalore, Hyderabad, Chennai and Gurgaon. 

Willing to work in US Shift timings, candidates who does not prefer working in US shift timings will not be shortlised for screening level. 




Bachelor's/master‚Äôs degree in computer science or a related field
Proven experience working as a Python Developer with knowledge of DBMS
Strong knowledge of Python frameworks like Django, Flask, or Pyramid
Experience with database integration and optimization
Familiarity with front-end technologies such as JavaScript, HTML5, and CSS3
Understanding of server-side templating languages"
--------------------,--------------------,--------------------,--------------------
Associate Software Engineer,Applicantz,India (Remote),"About the job

Role Description

The Associate Software Engineer will be responsible for developing and maintaining back-end web applications, writing clean and efficient code, debugging and troubleshooting software issues, and participating in code reviews. The role also involves collaborating with cross-functional teams to design, develop, and integrate software components.




Qualifications

Strong foundation in Computer Science
Proficiency in Back-End Web Development and Software Development
Experience in Programming and Object-Oriented Programming (OOP)
Excellent problem-solving skills and attention to detail
Good communication and teamwork skills
Bachelor's degree in Computer Science, Software Engineering, or a related field
Familiarity with agile development methodologies is a plus
Experience with cloud services and infrastructure is beneficial"
--------------------,--------------------,--------------------,--------------------
Data Engineer - Web Scraping,Applicantz,India (Remote),"About the job

Alternative Path is seeking skilled software developers to collaborate on client projects with an asset management firm. In this role, you will collaborate with individuals across various company departments to shape and innovate new products and features for our platform, enhancing existing ones. You will have a large degree of independence and trust, but you won't be isolated; the support of the Engineering team leads, the Product team leads, and every other technology team member is behind you. This is an opportunity to join a team-first meritocracy and help grow an entrepreneurial group inside Alternative Path. You will be asked to contribute, given ownership, and will be expected to make your voice heard.




Role Summary:

Performing Web Scraping using various scraping techniques and then utilizing Python‚Äôs Pandas library for data cleaning and manipulation. Then ingesting the data into a Database/Warehouse, and scheduling the scrapers using Airflow or other tools

Role Overview

The Web Scraping Team at Alternative Path is seeking a creative and detail-oriented developer to contribute to client projects. The team develops essential applications, datasets, and alerts for various teams within the client's organization, supporting their daily investment decisions. The mission is to maintain operational excellence by delivering high-quality proprietary datasets, timely notifications, and exceptional service. We are seeking someone who is self-motivated, self-sufficient, with a passion for tinkering and a love for automation.




In your role, you will:

‚û¢ Collaborate with analysts to understand and anticipate requirements.

‚û¢ Design, implement, and maintain Web scrapers for a wide variety of alternative datasets.

‚û¢ Perform Data Cleaning, Exploration, Transformation etc. of scraped data.

‚û¢ Collaborate with cross-functional teams to understand data requirements and implement efficient data processing workflows.

‚û¢ Author QC checks to validate data availability and integrity.

‚û¢ Maintain alerting systems and investigate time-sensitive data incidents to ensure smooth day-to-day operations.

‚û¢ Design and implement products and tools to enhance the Web scraping Platform.




Qualifications

Must have

‚û¢ Bachelor's/master‚Äôs degree in computer science or in any related field

‚û¢ 2-4 years of software development experience

‚û¢ Strong Python and SQL/Database skills

‚û¢ Strong expertise in using the Pandas library (Python) is a must

‚û¢ Experience with web technologies (HTML/JS, APIs, etc.)

‚û¢ Proven work experience in working with large data sets for Data cleaning, Data transformation, Data manipulation, and Data replacements.

‚û¢ Excellent verbal and written communication skills

‚û¢ Aptitude for designing infrastructure, data products, and tools for Data Scientists




Preferred

‚û¢ Familiarity with scraping and common scraping tools (Selenium, scrapy, Fiddler, Postman, xpath) ‚û¢ Experience containerizing workloads with Docker (Kubernetes a plus)

‚û¢ Experience with build automation (Jenkins, Gitlab CI/CD) ‚û¢ Experience with AWS technologies like S3, RDS, SNS, SQS, Lambda, etc."
--------------------,--------------------,--------------------,--------------------
Associate AI Developer (Remote | Flexible Hours),Applicantz,India (Remote),"About the job

üöÄ Join Pravartan.ai as an Associate AI Developer

 üìç Remote | Flexible Hours | 0‚Äì3 Yrs Experience

We‚Äôre building intelligent, agentic AI products ‚Äî and we want passionate, curious minds to join the revolution.

üîó Follow & Apply: linkedin.com/company/pravartan

üë®‚Äçüíª Role: Associate AI Developer

 üïí Type: Remote | Flexible Hours

 üìÖ Experience: 0‚Äì3 Year (Freshers with strong AI knowledge are welcome!)

üß† What You‚Äôll Work On

 ‚Ä¢ Build and improve real AI products ‚Äì chatbots, automation agents, hiring tools

 ‚Ä¢ Work with LLMs, LangChain, OpenAI APIs, vector DBs

 ‚Ä¢ Write smart Python code using Pandas, APIs, and workflow logic

 ‚Ä¢ Learn fast, build fast, fail fast ‚Äì and create impact

‚ú® Who We‚Äôre Looking For

 ‚Ä¢ Python + LLM basics clear

 ‚Ä¢ Worked with LangChain / OpenAI / prompt engineering

 ‚Ä¢ Loves solving real-world problems creatively

 ‚Ä¢ Writes clean, logical code

 ‚Ä¢ Thinks like a builder, not a task-doer

üíº Perks

 ‚Ä¢ Work directly with the founders

 ‚Ä¢ Flexible hours, zero micromanagement

 ‚Ä¢ Get high responsibility from Day 1

 ‚Ä¢ Build a public portfolio of your work

 ‚Ä¢ Fast-track to core roles as we grow

üî• Bonus:

 Built anything cool using ChatGPT/OpenAI? Drop the link.

üì© DM us or apply via LinkedIn.

 Let‚Äôs build the future of intelligent automation ‚Äî together.

#AIJobs #RemoteWork #PythonDeveloper #LLM #LangChain #OpenAI #Hiring #StartupJobs #FreshersWelcome #PravartanAI"
--------------------,--------------------,--------------------,--------------------
Python /Tableau Developer with Indian MNC - Immediate,Applicantz,India (Remote),"About the job

Pyspark/Python Developer with Indian MNC 

Contract | Immediate 

 

Job Accountabilities 

¬∑ Collect, clean, and analyse large and complex datasets from various sources, including ERPs and business systems

¬∑ Develop and implement analytics models, data libraries, and machine learning techniques to analyse and visualize data and identify patterns and anomalies

¬∑ Develop and maintain data models and databases using Python, Hadoop, SQL

¬∑ Work with cross-functional teams to understand their analytics needs and develop solutions to meet those needs.

¬∑ Develop and maintain documentation of data processes and procedures.

¬∑ Create and maintain Tableau dashboards or other tool for data visualization and reporting.

¬∑ Build advanced analytics in internal audit team with the use of emerging AI and other tools

¬∑ Identify and support AI/ML based use cases in finance and risk domain




Skills Required (Knowledge and Skills)

¬∑ Bachelor‚Äôs or Master‚Äôs degree in Computer Science, Data Science, or a related field

¬∑ 3 to 6 years of experience in data engineering using Python, SQL and HANA

¬∑ Strong programming skills in Python, SQL etc. and experience in database systems

¬∑ Experience with data warehousing and data modelling concepts

¬∑ Strong understanding of Hadoop data modelling and query optimization

¬∑ Experience with Tableau/Power BI for data visualization and reporting

¬∑ Knowledge of building advanced analytics using emerging AI technologies

¬∑ Excellent problem-solving and analytical skills

¬∑ Strong communication and collaboration skills, with the ability to communicate technical concepts to non-technical stakeholders.




Qualification: 

¬∑ Essential: UG: BE/ B.Sc IT/ M.Tech/ MCA

¬∑ Desirable: PG: MBA, PGD or master‚Äôs in business Analytics

 

Location 

¬∑ Mumbai

¬∑ 5 days in office

¬∑ Duration ‚Äì August 2025 to March 2026

 

Screening Criteria 

¬∑ BE/ B.Sc IT/ M.Tech/ MCA

¬∑ 3 to 6 years of experience in data engineering using Python, SQL

Knowledge of data engineering to develop data models and analytics reports and scheduling auto jobs on Airflow.

¬∑ Experience in using technologies and codes (SQL, Python, Pyspark, Tableau, Airflow etc)

¬∑ Familiarity with statistical analysis and machine learning concepts and algorithms

¬∑ Available to work from office in Navi Mumbai

¬∑ Available to join within 1 week post selection




Interested Profiles can apply




Note

o Additional inputs to be gathered from the candidate to put together the application"
--------------------,--------------------,--------------------,--------------------
Full Stack Engineer,Applicantz,India (Remote),"About the job

Software developer role - high growth and high energy environment - FRESHERS AND IMMEDIATE JOINEES ONLY, 

ALREADY WORKING NEED NOT APPLY




Freshers only

*** PREFER MUMBAI CANDIDATES *****




Responsibilities

Participate in enhancing/maintaining our B2B SaaS product. 

Write scalable well tested code in React JS, Ruby on Rails and MySQL




What we are looking for?

Ability to multitask and look at all aspects of product development

Individual who loves to code and is self driven. 

We are looking for individuals who will work with ownership of the product and code."
--------------------,--------------------,--------------------,--------------------
NextJS Full Stack Developer [Intern] at US Based YC Startup,Abstrabit Technologies,"Bengaluru, Karnataka, India (On-site)","About the job

)

üöÄ Attack Capital, a YC-backed venture studio building multiple AI-first SaaS products, is hiring a NextJS Full Stack Developer Intern. We don‚Äôt care about IIT tags or tier-1 college labels. What we care about is your hustle to ship real products. If you‚Äôre hungry to learn, build, and break limits ‚Äî Attack Capital is your chance to level up with a YC internship with a US based company.




What you‚Äôll do

Build and ship features across our AI product stack (React/Next.js frontend + Node/Express backend).
Work on real production apps used by enterprises in sales, healthcare, and legal.
Collaborate with a small, fast-moving team of engineers, designers, and founders.
Gain exposure to YC startup culture, product-led growth, and GTM strategies.




What we‚Äôre looking for

Strong knowledge of JavaScript/TypeScript, React, and Next.js.
Familiarity with databases (Postgres, Prisma, Mongo, etc.) and APIs.
Interest in AI, SaaS, and building for scale.
Hungry to learn, ship fast, and own projects end-to-end.




Why join?

Work directly with YC founders on 0‚Üí1 products.
High-impact internship with mentorship and real-world startup experience.
Flexible, remote-first role with potential for full-time.

üì© Apply if you‚Äôre ready to build, ship, and learn at the pace of YC startups.","{'Email\nEmail': 'niteshtheceo@gmail.com', 'Email': 'niteshtheceo@gmail.com', 'Required': 'niteshtheceo@gmail.com', 'Phone country code\nPhone country code': 'India (+91)', 'Phone country code': 'India (+91)', 'Phone': '9902972191', 'Follow Attack Capital to stay up to date with their page.': 'Follow Attack Capital to stay up to date with their page.', 'Attack Capital': 'Follow Attack Capital to stay up to date with their page.'}"
--------------------,--------------------,--------------------,--------------------,--------------------
Python Developer,Vaultize,India (Remote),"About the job

Company Description
 

Vaultize is a leading enterprise file security platform that ensures the safety and protection of corporate files, wherever they are accessed or used. It offers Enterprise Digital Rights Management (DRM), Enterprise file sync & share (EFSS), VPN-free access, and Endpoint Data Protection. Vaultize's end-to-end file security, combined with source encryption and de-duplication, provides unmatched data security and efficiency for businesses. The platform enables employees to securely access and control corporate data from any device, with a focus on mitigating security, data loss, and compliance risks. Vaultize serves numerous large enterprises, including those in regulated and security-conscious industries.


 Role Description
 

This is a full-time remote role for a Python Developer. The Python Developer will be responsible for designing, developing, and maintaining back-end components, participating in software development lifecycle activities, and collaborating with cross-functional teams to deliver high-quality software solutions. The role involves the utilization of object-oriented programming principles and working with databases to ensure efficient data management and storage.


 Qualifications
 
Proficiency in Back-End Web Development and Software Development
Strong understanding of Object-Oriented Programming (OOP) and general Programming skills
Experience with Databases and data management
Excellent problem-solving skills and attention to detail
Ability to work collaboratively in a remote team environment
Bachelor's degree in Computer Science, Engineering, or a related field
Familiarity with enterprise file security solutions is a plus","{'Email address\nEmail address': 'niteshtheceo@gmail.com', 'Email address': 'niteshtheceo@gmail.com', 'Required': 'Yes', 'Phone country code\nPhone country code': 'India (+91)', 'Phone country code': 'India (+91)', ""Have you completed the following level of education: Bachelor's Degree?\nHave you completed the following level of education: Bachelor's Degree?"": 'Yes', ""Have you completed the following level of education: Bachelor's Degree?"": 'Yes', 'How many years of work experience do you have with Python (Programming Language)?': '2', 'Are you comfortable working in a remote setting?\nAre you comfortable working in a remote setting?': 'Yes', 'Are you comfortable working in a remote setting?': 'Yes'}"
--------------------,--------------------,--------------------,--------------------,--------------------
Junior Machine Learning Engineer,Abstrabit Technologies,"Bengaluru, Karnataka, India (On-site)","About the job

About Passivae




At Passivae, we're building the future of recruitment. We need a Junior Machine Learning Engineer to help us build and deploy scalable and efficient ML-powered features for our platform. You'll work closely with data scientists to transition models from research to production, ensuring they are robust and performant.




Key Responsibilities:

Design, build, and maintain machine learning pipelines and infrastructure.
Deploy and monitor ML models in a production environment.
Optimize existing models for performance, scalability, and efficiency.
Work with our software engineers to integrate ML models into our core platform features.
Troubleshoot and debug issues with deployed ML systems.




Qualifications:

1-3 years of experience in software development with a focus on machine learning.
Familiarity with ML frameworks like TensorFlow or PyTorch.
Experience with MLOps concepts and tools (e.g., Docker, Kubernetes, AWS/Azure).
Proficiency in a programming language like Python or Java.
Strong understanding of software engineering best practices.","{'Email\nEmail': 'niteshtheceo@gmail.com', 'Email': 'niteshtheceo@gmail.com', 'Required': 'niteshtheceo@gmail.com', 'Phone country code\nPhone country code': 'India (+91)', 'Phone country code': 'India (+91)', 'Phone': '9902972191', 'Follow Passivae¬Æ to stay up to date with their page.': 'Follow Passivae¬Æ to stay up to date with their page.', 'Passivae¬Æ': 'Follow Passivae¬Æ to stay up to date with their page.'}"
--------------------,--------------------,--------------------,--------------------,--------------------
AI/ML Engineering Intern,Abstrabit Technologies,"Bengaluru, Karnataka, India","About the job

Company Description

We are an innovative AI consulting company dedicated to developing cutting-edge AI solutions for our clients. Our services include creating custom chatbots, building and managing knowledge bases, and integrating advanced AI/ML solutions into existing products. Additionally, we develop full-stack mobile and web applications with AI/ML functionalities, including generative AI.

Job Description


Assist in the development and deployment of custom chatbots. 
Support the creation and management of knowledge bases. 
Collaborate on integrating AI/ML solutions into existing client products. 
Participate in full-stack mobile and web application development projects. 
Work on generative AI functionalities and contribute to the enhancement of existing AI solutions. 
Conduct research and stay updated with the latest trends and technologies in AI/ML. 
Provide support in testing and debugging AI/ML models and applications. 


Qualifications


Strong understanding of machine learning algorithms and principles. 
Proficiency in programming languages such as Python, JavaScript, or similar. 
Familiarity with AI/ML frameworks and libraries (e.g., TensorFlow, PyTorch, scikit-learn, AutoGen). 
Ability to work independently and as part of a team. 
Excellent problem-solving skills and attention to detail. 
Strong communication and collaboration skills.","{'First name': 'Nitesh', 'Last name': 'Ram', 'Phone country code\nPhone country code': 'India (+91)', 'Phone country code': 'India (+91)', 'Email address\nEmail address': 'niteshtheceo@gmail.com', 'Email address': 'niteshtheceo@gmail.com', 'Required': 'niteshtheceo@gmail.com', 'City\nCity': 'Bengaluru, India', 'City': 'Bengaluru, Karnataka, India'}"
--------------------,--------------------,--------------------,--------------------,--------------------
